{
  "project_info": {
    "project_number": "35690682369",
    "firebase_url": "https://krunkedtest.firebaseio.com",
    "project_id": "krunkedtest",
    "storage_bucket": "krunkedtest.appspot.com"
  },
  "client": [
    {
      "client_info": {
        "mobilesdk_app_id": "1:35690682369:android:dd2ea826e119d180140800",
        "android_client_info": {
          "package_name": "com.example.firebaseattempt"
        }
      },
      "oauth_client": [
        {
          "client_id": "35690682369-8i9vrkf0a6u2hnlmrt2m81h6ju68t9a2.apps.googleusercontent.com",
          "client_type": 1,
          "android_info": {
            "package_name": "com.example.firebaseattempt",
            "certificate_hash": "3174400d466ed5be3d282a449cefe10e8635b2fb"
          }
        },
        {
          "client_id": "35690682369-0cvrstq2atmoiqdvtf4fml0esu6raceu.apps.googleusercontent.com",
          "client_type": 3
        }
      ],
      "api_key": [
        {
          "current_key": "AIzaSyDKgplg7gqbbcGjt8vOcqcVOwMHtqq-pmk"
        }
      ],
      "services": {
        "appinvite_service": {
          "other_platform_oauth_client": [
            {
              "client_id": "35690682369-0cvrstq2atmoiqdvtf4fml0esu6raceu.apps.googleusercontent.com",
              "client_type": 3
            }
          ]
        }
      }
    },
    {
      "client_info": {
        "mobilesdk_app_id": "1:35690682369:android:6b8edf3c99bc3279140800",
        "android_client_info": {
          "package_name": "com.example.krunkedkamloops"
        }
      },
      "oauth_client": [
        {
          "client_id": "35690682369-700kl998a2gei6a67n7bcse31fs59c16.apps.googleusercontent.com",
          "client_type": 1,
          "android_info": {
            "package_name": "com.example.krunkedkamloops",
            "certificate_hash": "a1939d90c07f2ed49bcf8a9027a23d8e345ca881"
          }
        },
        {
          "client_id": "35690682369-0cvrstq2atmoiqdvtf4fml0esu6raceu.apps.googleusercontent.com",
          "client_type": 3
        }
      ],
      "api_key": [
        {
          "current_key": "AIzaSyDKgplg7gqbbcGjt8vOcqcVOwMHtqq-pmk"
        }
      ],
      "services": {
        "appinvite_service": {
          "other_platform_oauth_client": [
            {
              "client_id": "35690682369-0cvrstq2atmoiqdvtf4fml0esu6raceu.apps.googleusercontent.com",
              "client_type": 3
            }
          ]
        }
      }
    }
  ],
  "configuration_version": "1"
}